origin_id,destinatio,entry_cost,network_co,exit_cost,total_cost
Bella Vista,Bella Vista,,0.0000000,,
Bella Vista,Beron de Astrada,0.0000000,17.3125689,0.0131334,17.3257023
Bella Vista,Capital,0.0000000,11.5723838,0.0000000,11.5723838
Bella Vista,Concepcion,0.0000000,11.3901954,0.0736135,11.4638089
Bella Vista,Curuzu Cuatia,0.0000000,11.3901954,0.0736135,11.4638089
Bella Vista,Empedrado,0.0000000,6.6399330,0.0000000,6.6399330
Bella Vista,Esquina,0.0000000,19.7125073,0.0656217,19.7781290
Bella Vista,General Alvear,0.0000000,26.8982733,0.0000000,26.8982733
Bella Vista,Departamento General Paz,0.0000000,14.7124890,0.0401319,14.7526209
Bella Vista,Goya,0.0000000,6.6746554,0.0000000,6.6746554
Bella Vista,Itati,0.0000000,16.3358825,0.0332713,16.3691538
Bella Vista,Ituzaingo,0.0000000,23.4197017,0.0000000,23.4197017
Bella Vista,Lavalle,0.0000000,4.6391157,0.0862448,4.7253605
Bella Vista,Mburucuya,0.0000000,8.3950771,0.0404930,8.4355701
Bella Vista,Mercedes,0.0000000,11.2925004,0.0000000,11.2925004
Bella Vista,Monte Caseros,0.0000000,22.8381302,0.0000000,22.8381302
Bella Vista,Departamento Paso de los Libres,0.0000000,23.3224322,0.0000000,23.3224322
Bella Vista,Departamento Saladas,0.0000000,23.3224322,0.0000000,23.3224322
Bella Vista,San Cosme,0.0000000,13.5988789,0.0802203,13.6790992
Bella Vista,Departamento San Luis del Palmar,0.0000000,12.2583070,0.0689451,12.3272521
Bella Vista,San Martin,0.0000000,26.2008514,0.0552303,26.2560818
Bella Vista,San Miguel,0.0000000,14.2144037,0.0000000,14.2144037
Bella Vista,San Roque,0.0000000,3.3084024,0.0845838,3.3929862
Bella Vista,Santo Tome,0.0000000,32.4516196,0.0000000,32.4516196
Bella Vista,Sauce,0.0000000,17.1325032,0.0000000,17.1325032
Beron de Astrada,Bella Vista,0.0139542,17.3125689,0.0000000,17.3257023
Beron de Astrada,Beron de Astrada,0.0139542,0.0000000,0.0000000,17.3257023
Beron de Astrada,Capital,0.0139542,12.7640561,0.0000000,12.7771895
Beron de Astrada,Concepcion,0.0139542,12.1085689,0.0736135,12.1953158
Beron de Astrada,Curuzu Cuatia,0.0139542,12.1085689,0.0736135,12.1953158
Beron de Astrada,Empedrado,0.0139542,14.7815246,0.0000000,14.7946579
Beron de Astrada,Esquina,0.0139542,33.8817299,0.0656217,33.9604850
Beron de Astrada,General Alvear,0.0139542,27.6891321,0.0000000,27.7022655
Beron de Astrada,Departamento General Paz,0.0139542,2.6000799,0.0401319,2.6533452
Beron de Astrada,Goya,0.0139542,23.7018778,0.0000000,23.7150112
Beron de Astrada,Itati,0.0139542,7.4222573,0.0332713,7.4686620
Beron de Astrada,Ituzaingo,0.0139542,8.1553958,0.0000000,8.1685292
Beron de Astrada,Lavalle,0.0139542,21.6663380,0.0862448,21.7657162
Beron de Astrada,Mburucuya,0.0139542,8.9174918,0.0404930,8.9711183
Beron de Astrada,Mercedes,0.0139542,25.4617231,0.0000000,25.4748564
Beron de Astrada,Monte Caseros,0.0139542,37.0073528,0.0000000,37.0204862
Beron de Astrada,Departamento Paso de los Libres,0.0139542,33.9477991,0.0000000,33.9609325
Beron de Astrada,Departamento Saladas,0.0139542,33.9477991,0.0000000,33.9609325
Beron de Astrada,San Cosme,0.0139542,8.9679826,0.0802203,9.0613362
Beron de Astrada,Departamento San Luis del Palmar,0.0139542,10.6852450,0.0689451,10.7673235
Beron de Astrada,San Martin,0.0139542,27.6891251,0.0552303,27.7574888
Beron de Astrada,San Miguel,0.0139542,5.5730631,0.0000000,5.5861964
Beron de Astrada,San Roque,0.0139542,16.4955891,0.0845838,16.5933062
Beron de Astrada,Santo Tome,0.0139542,21.1181721,0.0000000,21.1313055
Beron de Astrada,Sauce,0.0139542,31.3017259,0.0000000,31.3148593
Capital,Bella Vista,0.0000000,11.5723838,0.0000000,11.5723838
Capital,Beron de Astrada,0.0000000,12.7640561,0.0131334,12.7771895
Capital,Capital,0.0000000,0.0000000,0.0131334,12.7771895
Capital,Concepcion,0.0000000,13.2490137,0.0736135,13.3226272
Capital,Curuzu Cuatia,0.0000000,13.2490137,0.0736135,13.3226272
Capital,Empedrado,0.0000000,5.1844741,0.0000000,5.1844741
Capital,Esquina,0.0000000,28.1415447,0.0656217,28.2071665
Capital,General Alvear,0.0000000,35.3273108,0.0000000,35.3273108
Capital,Departamento General Paz,0.0000000,10.8253165,0.0401319,10.8654485
Capital,Goya,0.0000000,17.9616926,0.0000000,17.9616926
Capital,Itati,0.0000000,6.5330771,0.0332713,6.5663484
Capital,Ituzaingo,0.0000000,19.3423290,0.0000000,19.3423290
Capital,Lavalle,0.0000000,15.9261528,0.0862448,16.0123977
Capital,Mburucuya,0.0000000,9.0528124,0.0404930,9.0933055
Capital,Mercedes,0.0000000,19.7215379,0.0000000,19.7215379
Capital,Monte Caseros,0.0000000,31.2671676,0.0000000,31.2671676
Capital,Departamento Paso de los Libres,0.0000000,31.7514696,0.0000000,31.7514696
Capital,Departamento Saladas,0.0000000,31.7514696,0.0000000,31.7514696
Capital,San Cosme,0.0000000,3.7960735,0.0802203,3.8762938
Capital,Departamento San Luis del Palmar,0.0000000,2.8496164,0.0689451,2.9185615
Capital,San Martin,0.0000000,34.6298889,0.0552303,34.6851192
Capital,San Miguel,0.0000000,13.5702414,0.0000000,13.5702414
Capital,San Roque,0.0000000,10.7554039,0.0845838,10.8399877
Capital,Santo Tome,0.0000000,32.3051052,0.0000000,32.3051052
Capital,Sauce,0.0000000,25.5615407,0.0000000,25.5615407
Concepcion,Bella Vista,0.0782144,11.3901954,0.0000000,11.4638089
Concepcion,Beron de Astrada,0.0782144,12.1085689,0.0131334,12.1953158
Concepcion,Capital,0.0782144,13.2490137,0.0000000,13.3226272
Concepcion,Concepcion,0.0782144,0.0000000,0.0000000,13.3226272
Concepcion,Curuzu Cuatia,0.0782144,0.0000000,0.0000000,13.3226272
Concepcion,Empedrado,0.0782144,10.3798234,0.0000000,10.4534369
Concepcion,Esquina,0.0782144,27.9593563,0.0656217,28.0985916
Concepcion,General Alvear,0.0782144,35.1451224,0.0000000,35.2187359
Concepcion,Departamento General Paz,0.0782144,9.5084890,0.0401319,9.6222344
Concepcion,Goya,0.0782144,17.7795042,0.0000000,17.8531177
Concepcion,Itati,0.0782144,15.4600113,0.0332713,15.5668962
Concepcion,Ituzaingo,0.0782144,16.3557404,0.0000000,16.4293540
Concepcion,Lavalle,0.0782144,15.7439644,0.0862448,15.9038228
Concepcion,Mburucuya,0.0782144,4.7990204,0.0404930,4.9131270
Concepcion,Mercedes,0.0782144,19.5393495,0.0000000,19.6129630
Concepcion,Monte Caseros,0.0782144,31.0849792,0.0000000,31.1585928
Concepcion,Departamento Paso de los Libres,0.0782144,31.5692812,0.0000000,31.6428947
Concepcion,Departamento Saladas,0.0782144,31.5692812,0.0000000,31.6428947
Concepcion,San Cosme,0.0782144,12.7230078,0.0802203,12.8768415
Concepcion,Departamento San Luis del Palmar,0.0782144,11.3824358,0.0689451,11.5249944
Concepcion,San Martin,0.0782144,34.4477004,0.0552303,34.5765443
Concepcion,San Miguel,0.0782144,7.1504424,0.0000000,7.2240559
Concepcion,San Roque,0.0782144,10.5732155,0.0845838,10.7314128
Concepcion,Santo Tome,0.0782144,29.3185167,0.0000000,29.3921302
Concepcion,Sauce,0.0782144,25.3793523,0.0000000,25.4529658
Curuzu Cuatia,Bella Vista,0.0782144,25.3793523,0.0000000,25.4529658
Curuzu Cuatia,Beron de Astrada,0.0782144,25.3793523,0.0000000,25.4529658
Curuzu Cuatia,Capital,0.0782144,25.3793523,0.0000000,25.4529658
Curuzu Cuatia,Concepcion,0.0782144,25.3793523,0.0000000,25.4529658
Curuzu Cuatia,Curuzu Cuatia,0.0782144,0.0000000,0.0000000,25.4529658
Curuzu Cuatia,Empedrado,0.0782144,0.0000000,0.0000000,25.4529658
Curuzu Cuatia,Esquina,0.0782144,0.0000000,0.0000000,25.4529658
Curuzu Cuatia,General Alvear,0.0782144,0.0000000,0.0000000,25.4529658
Curuzu Cuatia,Departamento General Paz,0.0782144,0.0000000,0.0000000,25.4529658
Curuzu Cuatia,Goya,0.0782144,0.0000000,0.0000000,25.4529658
Curuzu Cuatia,Itati,0.0782144,0.0000000,0.0000000,25.4529658
Curuzu Cuatia,Ituzaingo,0.0782144,0.0000000,0.0000000,25.4529658
Curuzu Cuatia,Lavalle,0.0782144,0.0000000,0.0000000,25.4529658
Curuzu Cuatia,Mburucuya,0.0782144,0.0000000,0.0000000,25.4529658
Curuzu Cuatia,Mercedes,0.0782144,0.0000000,0.0000000,25.4529658
Curuzu Cuatia,Monte Caseros,0.0782144,0.0000000,0.0000000,25.4529658
Curuzu Cuatia,Departamento Paso de los Libres,0.0782144,0.0000000,0.0000000,25.4529658
Curuzu Cuatia,Departamento Saladas,0.0782144,0.0000000,0.0000000,25.4529658
Curuzu Cuatia,San Cosme,0.0782144,0.0000000,0.0000000,25.4529658
Curuzu Cuatia,Departamento San Luis del Palmar,0.0782144,0.0000000,0.0000000,25.4529658
Curuzu Cuatia,San Martin,0.0782144,0.0000000,0.0000000,25.4529658
Curuzu Cuatia,San Miguel,0.0782144,0.0000000,0.0000000,25.4529658
Curuzu Cuatia,San Roque,0.0782144,0.0000000,0.0000000,25.4529658
Curuzu Cuatia,Santo Tome,0.0782144,0.0000000,0.0000000,25.4529658
Curuzu Cuatia,Sauce,0.0782144,0.0000000,0.0000000,25.4529658
Empedrado,Bella Vista,0.0000000,6.6399330,0.0000000,6.6399330
Empedrado,Beron de Astrada,0.0000000,14.7815246,0.0131334,14.7946579
Empedrado,Capital,0.0000000,5.1844741,0.0000000,5.1844741
Empedrado,Concepcion,0.0000000,10.3798234,0.0736135,10.4534369
Empedrado,Curuzu Cuatia,0.0000000,10.3798234,0.0736135,10.4534369
Empedrado,Empedrado,0.0000000,0.0000000,0.0736135,10.4534369
Empedrado,Esquina,0.0000000,23.2090940,0.0656217,23.2747157
Empedrado,General Alvear,0.0000000,30.3948601,0.0000000,30.3948601
Empedrado,Departamento General Paz,0.0000000,12.1814446,0.0401319,12.2215765
Empedrado,Goya,0.0000000,13.0292419,0.0000000,13.0292419
Empedrado,Itati,0.0000000,9.9479728,0.0332713,9.9812442
Empedrado,Ituzaingo,0.0000000,21.6409914,0.0000000,21.6409914
Empedrado,Lavalle,0.0000000,10.9937021,0.0862448,11.0799469
Empedrado,Mburucuya,0.0000000,6.2802591,0.0404930,6.3207521
Empedrado,Mercedes,0.0000000,14.7890872,0.0000000,14.7890872
Empedrado,Monte Caseros,0.0000000,26.3347169,0.0000000,26.3347169
Empedrado,Departamento Paso de los Libres,0.0000000,26.8190189,0.0000000,26.8190189
Empedrado,Departamento Saladas,0.0000000,26.8190189,0.0000000,26.8190189
Empedrado,San Cosme,0.0000000,7.2109693,0.0802203,7.2911895
Empedrado,Departamento San Luis del Palmar,0.0000000,5.8703974,0.0689451,5.9393424
Empedrado,San Martin,0.0000000,29.6974381,0.0552303,29.7526685
Empedrado,San Miguel,0.0000000,13.2040317,0.0000000,13.2040317
Empedrado,San Roque,0.0000000,5.8229532,0.0845838,5.9075369
Empedrado,Santo Tome,0.0000000,34.6037677,0.0000000,34.6037677
Empedrado,Sauce,0.0000000,20.6290900,0.0000000,20.6290900
Esquina,Bella Vista,0.0697231,19.7125073,0.0000000,19.7781290
Esquina,Beron de Astrada,0.0697231,33.8817299,0.0131334,33.9604850
Esquina,Capital,0.0697231,28.1415447,0.0000000,28.2071665
Esquina,Concepcion,0.0697231,27.9593563,0.0736135,28.0985916
Esquina,Curuzu Cuatia,0.0697231,27.9593563,0.0736135,28.0985916
Esquina,Empedrado,0.0697231,23.2090940,0.0000000,23.2747157
Esquina,Esquina,0.0697231,0.0000000,0.0000000,23.2747157
Esquina,General Alvear,0.0697231,29.9269832,0.0000000,29.9926049
Esquina,Departamento General Paz,0.0697231,31.2816499,0.0401319,31.3874036
Esquina,Goya,0.0697231,21.4732859,0.0000000,21.5389076
Esquina,Itati,0.0697231,32.9050434,0.0332713,33.0039365
Esquina,Ituzaingo,0.0697231,39.9888627,0.0000000,40.0544844
Esquina,Lavalle,0.0697231,19.4377461,0.0862448,19.5896126
Esquina,Mburucuya,0.0697231,24.9642380,0.0404930,25.0703528
Esquina,Mercedes,0.0697231,18.3456404,0.0000000,18.4112622
Esquina,Monte Caseros,0.0697231,19.6114487,0.0000000,19.6770705
Esquina,Departamento Paso de los Libres,0.0697231,22.4987597,0.0000000,22.5643814
Esquina,Departamento Saladas,0.0697231,22.4987597,0.0000000,22.5643814
Esquina,San Cosme,0.0697231,30.1680399,0.0802203,30.3138819
Esquina,Departamento San Luis del Palmar,0.0697231,28.8274679,0.0689451,28.9620347
Esquina,San Martin,0.0697231,28.7159687,0.0552303,28.8368207
Esquina,San Miguel,0.0697231,30.7835646,0.0000000,30.8491863
Esquina,San Roque,0.0697231,17.3861408,0.0845838,17.5363463
Esquina,Santo Tome,0.0697231,36.7388176,0.0000000,36.8044393
Esquina,Sauce,0.0697231,12.6514759,0.0000000,12.7170977
General Alvear,Bella Vista,0.0000000,26.8982733,0.0000000,26.8982733
General Alvear,Beron de Astrada,0.0000000,27.6891321,0.0131334,27.7022655
General Alvear,Capital,0.0000000,35.3273108,0.0000000,35.3273108
General Alvear,Concepcion,0.0000000,35.1451224,0.0736135,35.2187359
General Alvear,Curuzu Cuatia,0.0000000,35.1451224,0.0736135,35.2187359
General Alvear,Empedrado,0.0000000,30.3948601,0.0000000,30.3948601
General Alvear,Esquina,0.0000000,29.9269832,0.0656217,29.9926049
General Alvear,General Alvear,0.0000000,0.0000000,0.0656217,29.9926049
General Alvear,Departamento General Paz,0.0000000,28.9932831,0.0401319,29.0334150
General Alvear,Goya,0.0000000,28.6590520,0.0000000,28.6590520
General Alvear,Itati,0.0000000,33.5342664,0.0332713,33.5675378
General Alvear,Ituzaingo,0.0000000,19.8399805,0.0000000,19.8399805
General Alvear,Lavalle,0.0000000,26.6235122,0.0862448,26.7097570
General Alvear,Mburucuya,0.0000000,32.1500041,0.0404930,32.1904971
General Alvear,Mercedes,0.0000000,15.9929046,0.0000000,15.9929046
General Alvear,Monte Caseros,0.0000000,16.1380898,0.0000000,16.1380898
General Alvear,Departamento Paso de los Libres,0.0000000,7.6879377,0.0000000,7.6879377
General Alvear,Departamento Saladas,0.0000000,7.6879377,0.0000000,7.6879377
General Alvear,San Cosme,0.0000000,35.0799918,0.0802203,35.1602120
General Alvear,Departamento San Luis del Palmar,0.0000000,36.0132340,0.0689451,36.0821791
General Alvear,San Martin,0.0000000,1.4292637,0.0552303,1.4844940
General Alvear,San Miguel,0.0000000,29.0941605,0.0000000,29.0941605
General Alvear,San Roque,0.0000000,24.5719069,0.0845838,24.6564907
General Alvear,Santo Tome,0.0000000,7.0559325,0.0000000,7.0559325
General Alvear,Sauce,0.0000000,24.2874021,0.0000000,24.2874021
Departamento General Paz,Bella Vista,0.0426402,14.7124890,0.0000000,14.7526209
Departamento General Paz,Beron de Astrada,0.0426402,2.6000799,0.0131334,2.6533452
Departamento General Paz,Capital,0.0426402,10.8253165,0.0000000,10.8654485
Departamento General Paz,Concepcion,0.0426402,9.5084890,0.0736135,9.6222344
Departamento General Paz,Curuzu Cuatia,0.0426402,9.5084890,0.0736135,9.6222344
Departamento General Paz,Empedrado,0.0426402,12.1814446,0.0000000,12.2215765
Departamento General Paz,Esquina,0.0426402,31.2816499,0.0656217,31.3874036
Departamento General Paz,General Alvear,0.0426402,28.9932831,0.0000000,29.0334150
Departamento General Paz,Departamento General Paz,0.0426402,0.0000000,0.0000000,29.0334150
Departamento General Paz,Goya,0.0426402,21.1017978,0.0000000,21.1419297
Departamento General Paz,Itati,0.0426402,10.0223372,0.0332713,10.0957405
Departamento General Paz,Ituzaingo,0.0426402,9.4595468,0.0000000,9.4996787
Departamento General Paz,Lavalle,0.0426402,19.0662581,0.0862448,19.1926348
Departamento General Paz,Mburucuya,0.0426402,6.3174119,0.0404930,6.3980368
Departamento General Paz,Mercedes,0.0426402,22.8616431,0.0000000,22.9017750
Departamento General Paz,Monte Caseros,0.0426402,34.4072729,0.0000000,34.4474048
Departamento General Paz,Departamento Paso de los Libres,0.0426402,34.8915748,0.0000000,34.9317067
Departamento General Paz,Departamento Saladas,0.0426402,34.8915748,0.0000000,34.9317067
Departamento General Paz,San Cosme,0.0426402,9.9119119,0.0802203,10.0322640
Departamento General Paz,Departamento San Luis del Palmar,0.0426402,8.5713399,0.0689451,8.6804169
Departamento General Paz,San Martin,0.0426402,28.9932761,0.0552303,29.0886383
Departamento General Paz,San Miguel,0.0426402,2.9729831,0.0000000,3.0131150
Departamento General Paz,San Roque,0.0426402,13.8955091,0.0845838,14.0202248
Departamento General Paz,Santo Tome,0.0426402,22.4223231,0.0000000,22.4624550
Departamento General Paz,Sauce,0.0426402,28.7016459,0.0000000,28.7417778
Goya,Bella Vista,0.0000000,6.6746554,0.0000000,6.6746554
Goya,Beron de Astrada,0.0000000,23.7018778,0.0131334,23.7150112
Goya,Capital,0.0000000,17.9616926,0.0000000,17.9616926
Goya,Concepcion,0.0000000,17.7795042,0.0736135,17.8531177
Goya,Curuzu Cuatia,0.0000000,17.7795042,0.0736135,17.8531177
Goya,Empedrado,0.0000000,13.0292419,0.0000000,13.0292419
Goya,Esquina,0.0000000,21.4732859,0.0656217,21.5389076
Goya,General Alvear,0.0000000,28.6590520,0.0000000,28.6590520
Goya,Departamento General Paz,0.0000000,21.1017978,0.0401319,21.1419297
Goya,Goya,0.0000000,0.0000000,0.0401319,21.1419297
Goya,Itati,0.0000000,22.7251913,0.0332713,22.7584626
Goya,Ituzaingo,0.0000000,29.8090106,0.0000000,29.8090106
Goya,Lavalle,0.0000000,2.0355398,0.0862448,2.1217846
Goya,Mburucuya,0.0000000,14.7843859,0.0404930,14.8248790
Goya,Mercedes,0.0000000,13.0532791,0.0000000,13.0532791
Goya,Monte Caseros,0.0000000,24.5989088,0.0000000,24.5989088
Goya,Departamento Paso de los Libres,0.0000000,25.0832108,0.0000000,25.0832108
Goya,Departamento Saladas,0.0000000,25.0832108,0.0000000,25.0832108
Goya,San Cosme,0.0000000,19.9881878,0.0802203,20.0684080
Goya,Departamento San Luis del Palmar,0.0000000,18.6476158,0.0689451,18.7165609
Goya,San Martin,0.0000000,27.9616300,0.0552303,28.0168604
Goya,San Miguel,0.0000000,20.6037125,0.0000000,20.6037125
Goya,San Roque,0.0000000,9.2152225,0.0845838,9.2998063
Goya,Santo Tome,0.0000000,34.2123982,0.0000000,34.2123982
Goya,Sauce,0.0000000,18.8932819,0.0000000,18.8932819
Itati,Bella Vista,0.0353508,16.3358825,0.0000000,16.3691538
Itati,Beron de Astrada,0.0353508,7.4222573,0.0131334,7.4686620
Itati,Capital,0.0353508,6.5330771,0.0000000,6.5663484
Itati,Concepcion,0.0353508,15.4600113,0.0736135,15.5668962
Itati,Curuzu Cuatia,0.0353508,15.4600113,0.0736135,15.5668962
Itati,Empedrado,0.0353508,9.9479728,0.0000000,9.9812442
Itati,Esquina,0.0353508,32.9050434,0.0656217,33.0039365
Itati,General Alvear,0.0353508,33.5342664,0.0000000,33.5675378
Itati,Departamento General Paz,0.0353508,10.0223372,0.0401319,10.0957405
Itati,Goya,0.0353508,22.7251913,0.0000000,22.7584626
Itati,Itati,0.0353508,0.0000000,0.0000000,22.7584626
Itati,Ituzaingo,0.0353508,14.0005301,0.0000000,14.0338015
Itati,Lavalle,0.0353508,20.6896515,0.0862448,20.8091677
Itati,Mburucuya,0.0353508,11.2638101,0.0404930,11.3375744
Itati,Mercedes,0.0353508,24.4850366,0.0000000,24.5183079
Itati,Monte Caseros,0.0353508,36.0306663,0.0000000,36.0639377
Itati,Departamento Paso de los Libres,0.0353508,36.5149683,0.0000000,36.5482396
Itati,Departamento Saladas,0.0353508,36.5149683,0.0000000,36.5482396
Itati,San Cosme,0.0353508,2.7370035,0.0802203,2.8504951
Itati,Departamento San Luis del Palmar,0.0353508,4.4542660,0.0689451,4.5564824
Itati,San Martin,0.0353508,33.5342594,0.0552303,33.6227610
Itati,San Miguel,0.0353508,12.9953203,0.0000000,13.0285917
Itati,San Roque,0.0353508,15.5189026,0.0845838,15.6367577
Itati,Santo Tome,0.0353508,26.9633064,0.0000000,26.9965777
Itati,Sauce,0.0353508,30.3250394,0.0000000,30.3583107
Ituzaingo,Bella Vista,0.0000000,23.4197017,0.0000000,23.4197017
Ituzaingo,Beron de Astrada,0.0000000,8.1553958,0.0131334,8.1685292
Ituzaingo,Capital,0.0000000,19.3423290,0.0000000,19.3423290
Ituzaingo,Concepcion,0.0000000,16.3557404,0.0736135,16.4293540
Ituzaingo,Curuzu Cuatia,0.0000000,16.3557404,0.0736135,16.4293540
Ituzaingo,Empedrado,0.0000000,21.6409914,0.0000000,21.6409914
Ituzaingo,Esquina,0.0000000,39.9888627,0.0656217,40.0544844
Ituzaingo,General Alvear,0.0000000,19.8399805,0.0000000,19.8399805
Ituzaingo,Departamento General Paz,0.0000000,9.4595468,0.0401319,9.4996787
Ituzaingo,Goya,0.0000000,29.8090106,0.0000000,29.8090106
Ituzaingo,Itati,0.0000000,14.0005301,0.0332713,14.0338015
Ituzaingo,Ituzaingo,0.0000000,0.0000000,0.0332713,14.0338015
Ituzaingo,Lavalle,0.0000000,27.7734708,0.0862448,27.8597156
Ituzaingo,Mburucuya,0.0000000,15.7769587,0.0404930,15.8174517
Ituzaingo,Mercedes,0.0000000,22.9571641,0.0000000,22.9571641
Ituzaingo,Monte Caseros,0.0000000,34.5487996,0.0000000,34.5487996
Ituzaingo,Departamento Paso de los Libres,0.0000000,26.0986475,0.0000000,26.0986475
Ituzaingo,Departamento Saladas,0.0000000,26.0986475,0.0000000,26.0986475
Ituzaingo,San Cosme,0.0000000,15.5462554,0.0802203,15.6264757
Ituzaingo,Departamento San Luis del Palmar,0.0000000,17.2635179,0.0689451,17.3324629
Ituzaingo,San Martin,0.0000000,19.8399734,0.0552303,19.8952037
Ituzaingo,San Miguel,0.0000000,9.5604242,0.0000000,9.5604242
Ituzaingo,San Roque,0.0000000,22.6027219,0.0845838,22.6873056
Ituzaingo,Santo Tome,0.0000000,13.2690204,0.0000000,13.2690204
Ituzaingo,Sauce,0.0000000,35.5282239,0.0000000,35.5282239
Lavalle,Bella Vista,0.0916351,4.6391157,0.0000000,4.7253605
Lavalle,Beron de Astrada,0.0916351,21.6663380,0.0131334,21.7657162
Lavalle,Capital,0.0916351,15.9261528,0.0000000,16.0123977
Lavalle,Concepcion,0.0916351,15.7439644,0.0736135,15.9038228
Lavalle,Curuzu Cuatia,0.0916351,15.7439644,0.0736135,15.9038228
Lavalle,Empedrado,0.0916351,10.9937021,0.0000000,11.0799469
Lavalle,Esquina,0.0916351,19.4377461,0.0656217,19.5896126
Lavalle,General Alvear,0.0916351,26.6235122,0.0000000,26.7097570
Lavalle,Departamento General Paz,0.0916351,19.0662581,0.0401319,19.1926348
Lavalle,Goya,0.0916351,2.0355398,0.0000000,2.1217846
Lavalle,Itati,0.0916351,20.6896515,0.0332713,20.8091677
Lavalle,Ituzaingo,0.0916351,27.7734708,0.0000000,27.8597156
Lavalle,Lavalle,0.0916351,0.0000000,0.0000000,27.8597156
Lavalle,Mburucuya,0.0916351,12.7488462,0.0404930,12.8755840
Lavalle,Mercedes,0.0916351,11.0177393,0.0000000,11.1039841
Lavalle,Monte Caseros,0.0916351,22.5633690,0.0000000,22.6496138
Lavalle,Departamento Paso de los Libres,0.0916351,23.0476710,0.0000000,23.1339158
Lavalle,Departamento Saladas,0.0916351,23.0476710,0.0000000,23.1339158
Lavalle,San Cosme,0.0916351,17.9526480,0.0802203,18.1191130
Lavalle,Departamento San Luis del Palmar,0.0916351,16.6120761,0.0689451,16.7672659
Lavalle,San Martin,0.0916351,25.9260902,0.0552303,26.0675654
Lavalle,San Miguel,0.0916351,18.5681727,0.0000000,18.6544175
Lavalle,San Roque,0.0916351,7.1796828,0.0845838,7.3505113
Lavalle,Santo Tome,0.0916351,32.1768585,0.0000000,32.2631033
Lavalle,Sauce,0.0916351,16.8577421,0.0000000,16.9439869
Mburucuya,Bella Vista,0.0430238,8.3950771,0.0000000,8.4355701
Mburucuya,Beron de Astrada,0.0430238,8.9174918,0.0131334,8.9711183
Mburucuya,Capital,0.0430238,9.0528124,0.0000000,9.0933055
Mburucuya,Concepcion,0.0430238,4.7990204,0.0736135,4.9131270
Mburucuya,Curuzu Cuatia,0.0430238,4.7990204,0.0736135,4.9131270
Mburucuya,Empedrado,0.0430238,6.2802591,0.0000000,6.3207521
Mburucuya,Esquina,0.0430238,24.9642380,0.0656217,25.0703528
Mburucuya,General Alvear,0.0430238,32.1500041,0.0000000,32.1904971
Mburucuya,Departamento General Paz,0.0430238,6.3174119,0.0401319,6.3980368
Mburucuya,Goya,0.0430238,14.7843859,0.0000000,14.8248790
Mburucuya,Itati,0.0430238,11.2638101,0.0332713,11.3375744
Mburucuya,Ituzaingo,0.0430238,15.7769587,0.0000000,15.8174517
Mburucuya,Lavalle,0.0430238,12.7488462,0.0862448,12.8755840
Mburucuya,Mburucuya,0.0430238,0.0000000,0.0862448,12.8755840
Mburucuya,Mercedes,0.0430238,16.5442312,0.0000000,16.5847242
Mburucuya,Monte Caseros,0.0430238,28.0898610,0.0000000,28.1303540
Mburucuya,Departamento Paso de los Libres,0.0430238,28.5741629,0.0000000,28.6146560
Mburucuya,Departamento Saladas,0.0430238,28.5741629,0.0000000,28.6146560
Mburucuya,San Cosme,0.0430238,8.5268065,0.0802203,8.6475198
Mburucuya,Departamento San Luis del Palmar,0.0430238,7.1862346,0.0689451,7.2956727
Mburucuya,San Martin,0.0430238,31.4525822,0.0552303,31.5483056
Mburucuya,San Miguel,0.0430238,7.6232287,0.0000000,7.6637217
Mburucuya,San Roque,0.0430238,7.5780972,0.0845838,7.7031740
Mburucuya,Santo Tome,0.0430238,28.7397350,0.0000000,28.7802280
Mburucuya,Sauce,0.0430238,22.3842340,0.0000000,22.4247271
Mercedes,Bella Vista,0.0000000,11.2925004,0.0000000,11.2925004
Mercedes,Beron de Astrada,0.0000000,25.4617231,0.0131334,25.4748564
Mercedes,Capital,0.0000000,19.7215379,0.0000000,19.7215379
Mercedes,Concepcion,0.0000000,19.5393495,0.0736135,19.6129630
Mercedes,Curuzu Cuatia,0.0000000,19.5393495,0.0736135,19.6129630
Mercedes,Empedrado,0.0000000,14.7890872,0.0000000,14.7890872
Mercedes,Esquina,0.0000000,18.3456404,0.0656217,18.4112622
Mercedes,General Alvear,0.0000000,15.9929046,0.0000000,15.9929046
Mercedes,Departamento General Paz,0.0000000,22.8616431,0.0401319,22.9017750
Mercedes,Goya,0.0000000,13.0532791,0.0000000,13.0532791
Mercedes,Itati,0.0000000,24.4850366,0.0332713,24.5183079
Mercedes,Ituzaingo,0.0000000,22.9571641,0.0000000,22.9571641
Mercedes,Lavalle,0.0000000,11.0177393,0.0862448,11.1039841
Mercedes,Mburucuya,0.0000000,16.5442312,0.0404930,16.5847242
Mercedes,Mercedes,0.0000000,0.0000000,0.0404930,16.5847242
Mercedes,Monte Caseros,0.0000000,12.5722629,0.0000000,12.5722629
Mercedes,Departamento Paso de los Libres,0.0000000,12.4170634,0.0000000,12.4170634
Mercedes,Departamento Saladas,0.0000000,12.4170634,0.0000000,12.4170634
Mercedes,San Cosme,0.0000000,21.7480330,0.0802203,21.8282533
Mercedes,Departamento San Luis del Palmar,0.0000000,20.4074611,0.0689451,20.4764062
Mercedes,San Martin,0.0000000,15.2954826,0.0552303,15.3507130
Mercedes,San Miguel,0.0000000,22.3635578,0.0000000,22.3635578
Mercedes,San Roque,0.0000000,8.9661340,0.0845838,9.0507178
Mercedes,Santo Tome,0.0000000,21.5462509,0.0000000,21.5462509
Mercedes,Sauce,0.0000000,12.9581915,0.0000000,12.9581915
Monte Caseros,Bella Vista,0.0000000,22.8381302,0.0000000,22.8381302
Monte Caseros,Beron de Astrada,0.0000000,37.0073528,0.0131334,37.0204862
Monte Caseros,Capital,0.0000000,31.2671676,0.0000000,31.2671676
Monte Caseros,Concepcion,0.0000000,31.0849792,0.0736135,31.1585928
Monte Caseros,Curuzu Cuatia,0.0000000,31.0849792,0.0736135,31.1585928
Monte Caseros,Empedrado,0.0000000,26.3347169,0.0000000,26.3347169
Monte Caseros,Esquina,0.0000000,19.6114487,0.0656217,19.6770705
Monte Caseros,General Alvear,0.0000000,16.1380898,0.0000000,16.1380898
Monte Caseros,Departamento General Paz,0.0000000,34.4072729,0.0401319,34.4474048
Monte Caseros,Goya,0.0000000,24.5989088,0.0000000,24.5989088
Monte Caseros,Itati,0.0000000,36.0306663,0.0332713,36.0639377
Monte Caseros,Ituzaingo,0.0000000,34.5487996,0.0000000,34.5487996
Monte Caseros,Lavalle,0.0000000,22.5633690,0.0862448,22.6496138
Monte Caseros,Mburucuya,0.0000000,28.0898610,0.0404930,28.1303540
Monte Caseros,Mercedes,0.0000000,12.5722629,0.0000000,12.5722629
Monte Caseros,Monte Caseros,0.0000000,0.0000000,0.0000000,12.5722629
Monte Caseros,Departamento Paso de los Libres,0.0000000,8.7098663,0.0000000,8.7098663
Monte Caseros,Departamento Saladas,0.0000000,8.7098663,0.0000000,8.7098663
Monte Caseros,San Cosme,0.0000000,33.2936628,0.0802203,33.3738830
Monte Caseros,Departamento San Luis del Palmar,0.0000000,31.9530909,0.0689451,32.0220359
Monte Caseros,San Martin,0.0000000,14.9270753,0.0552303,14.9823057
Monte Caseros,San Miguel,0.0000000,33.9091875,0.0000000,33.9091875
Monte Caseros,San Roque,0.0000000,20.5117637,0.0845838,20.5963475
Monte Caseros,Santo Tome,0.0000000,22.9499243,0.0000000,22.9499243
Monte Caseros,Sauce,0.0000000,13.9718677,0.0000000,13.9718677
Departamento Paso de los Libres,Bella Vista,0.0000000,23.3224322,0.0000000,23.3224322
Departamento Paso de los Libres,Beron de Astrada,0.0000000,33.9477991,0.0131334,33.9609325
Departamento Paso de los Libres,Capital,0.0000000,31.7514696,0.0000000,31.7514696
Departamento Paso de los Libres,Concepcion,0.0000000,31.5692812,0.0736135,31.6428947
Departamento Paso de los Libres,Curuzu Cuatia,0.0000000,31.5692812,0.0736135,31.6428947
Departamento Paso de los Libres,Empedrado,0.0000000,26.8190189,0.0000000,26.8190189
Departamento Paso de los Libres,Esquina,0.0000000,22.4987597,0.0656217,22.5643814
Departamento Paso de los Libres,General Alvear,0.0000000,7.6879377,0.0000000,7.6879377
Departamento Paso de los Libres,Departamento General Paz,0.0000000,34.8915748,0.0401319,34.9317067
Departamento Paso de los Libres,Goya,0.0000000,25.0832108,0.0000000,25.0832108
Departamento Paso de los Libres,Itati,0.0000000,36.5149683,0.0332713,36.5482396
Departamento Paso de los Libres,Ituzaingo,0.0000000,26.0986475,0.0000000,26.0986475
Departamento Paso de los Libres,Lavalle,0.0000000,23.0476710,0.0862448,23.1339158
Departamento Paso de los Libres,Mburucuya,0.0000000,28.5741629,0.0404930,28.6146560
Departamento Paso de los Libres,Mercedes,0.0000000,12.4170634,0.0000000,12.4170634
Departamento Paso de los Libres,Monte Caseros,0.0000000,8.7098663,0.0000000,8.7098663
Departamento Paso de los Libres,Departamento Paso de los Libres,0.0000000,0.0000000,0.0000000,8.7098663
Departamento Paso de los Libres,Departamento Saladas,0.0000000,0.0000000,0.0000000,8.7098663
Departamento Paso de los Libres,San Cosme,0.0000000,33.7779647,0.0802203,33.8581850
Departamento Paso de los Libres,Departamento San Luis del Palmar,0.0000000,32.4373928,0.0689451,32.5063379
Departamento Paso de los Libres,San Martin,0.0000000,6.4769232,0.0552303,6.5321536
Departamento Paso de los Libres,San Miguel,0.0000000,34.3934895,0.0000000,34.3934895
Departamento Paso de los Libres,San Roque,0.0000000,20.9960657,0.0845838,21.0806495
Departamento Paso de los Libres,Santo Tome,0.0000000,14.4997722,0.0000000,14.4997722
Departamento Paso de los Libres,Sauce,0.0000000,16.8591786,0.0000000,16.8591786
Departamento Saladas,Bella Vista,0.0000000,16.8591786,0.0000000,16.8591786
Departamento Saladas,Beron de Astrada,0.0000000,16.8591786,0.0000000,16.8591786
Departamento Saladas,Capital,0.0000000,16.8591786,0.0000000,16.8591786
Departamento Saladas,Concepcion,0.0000000,16.8591786,0.0000000,16.8591786
Departamento Saladas,Curuzu Cuatia,0.0000000,16.8591786,0.0000000,16.8591786
Departamento Saladas,Empedrado,0.0000000,16.8591786,0.0000000,16.8591786
Departamento Saladas,Esquina,0.0000000,16.8591786,0.0000000,16.8591786
Departamento Saladas,General Alvear,0.0000000,16.8591786,0.0000000,16.8591786
Departamento Saladas,Departamento General Paz,0.0000000,16.8591786,0.0000000,16.8591786
Departamento Saladas,Goya,0.0000000,16.8591786,0.0000000,16.8591786
Departamento Saladas,Itati,0.0000000,16.8591786,0.0000000,16.8591786
Departamento Saladas,Ituzaingo,0.0000000,16.8591786,0.0000000,16.8591786
Departamento Saladas,Lavalle,0.0000000,16.8591786,0.0000000,16.8591786
Departamento Saladas,Mburucuya,0.0000000,16.8591786,0.0000000,16.8591786
Departamento Saladas,Mercedes,0.0000000,16.8591786,0.0000000,16.8591786
Departamento Saladas,Monte Caseros,0.0000000,16.8591786,0.0000000,16.8591786
Departamento Saladas,Departamento Paso de los Libres,0.0000000,16.8591786,0.0000000,16.8591786
Departamento Saladas,Departamento Saladas,0.0000000,0.0000000,0.0000000,16.8591786
Departamento Saladas,San Cosme,0.0000000,0.0000000,0.0000000,16.8591786
Departamento Saladas,Departamento San Luis del Palmar,0.0000000,0.0000000,0.0000000,16.8591786
Departamento Saladas,San Martin,0.0000000,0.0000000,0.0000000,16.8591786
Departamento Saladas,San Miguel,0.0000000,0.0000000,0.0000000,16.8591786
Departamento Saladas,San Roque,0.0000000,0.0000000,0.0000000,16.8591786
Departamento Saladas,Santo Tome,0.0000000,0.0000000,0.0000000,16.8591786
Departamento Saladas,Sauce,0.0000000,0.0000000,0.0000000,16.8591786
San Cosme,Bella Vista,0.0852340,13.5988789,0.0000000,13.6790992
San Cosme,Beron de Astrada,0.0852340,8.9679826,0.0131334,9.0613362
San Cosme,Capital,0.0852340,3.7960735,0.0000000,3.8762938
San Cosme,Concepcion,0.0852340,12.7230078,0.0736135,12.8768415
San Cosme,Curuzu Cuatia,0.0852340,12.7230078,0.0736135,12.8768415
San Cosme,Empedrado,0.0852340,7.2109693,0.0000000,7.2911895
San Cosme,Esquina,0.0852340,30.1680399,0.0656217,30.3138819
San Cosme,General Alvear,0.0852340,35.0799918,0.0000000,35.1602120
San Cosme,Departamento General Paz,0.0852340,9.9119119,0.0401319,10.0322640
San Cosme,Goya,0.0852340,19.9881878,0.0000000,20.0684080
San Cosme,Itati,0.0852340,2.7370035,0.0332713,2.8504951
San Cosme,Ituzaingo,0.0852340,15.5462554,0.0000000,15.6264757
San Cosme,Lavalle,0.0852340,17.9526480,0.0862448,18.1191130
San Cosme,Mburucuya,0.0852340,8.5268065,0.0404930,8.6475198
San Cosme,Mercedes,0.0852340,21.7480330,0.0000000,21.8282533
San Cosme,Monte Caseros,0.0852340,33.2936628,0.0000000,33.3738830
San Cosme,Departamento Paso de los Libres,0.0852340,33.7779647,0.0000000,33.8581850
San Cosme,Departamento Saladas,0.0852340,33.7779647,0.0000000,33.8581850
San Cosme,San Cosme,0.0852340,0.0000000,0.0000000,33.8581850
San Cosme,Departamento San Luis del Palmar,0.0852340,1.7172624,0.0689451,1.8664277
San Cosme,San Martin,0.0852340,35.0799847,0.0552303,35.2154353
San Cosme,San Miguel,0.0852340,12.6568367,0.0000000,12.7370570
San Cosme,San Roque,0.0852340,12.7818990,0.0845838,12.9467031
San Cosme,Santo Tome,0.0852340,28.5090317,0.0000000,28.5892520
San Cosme,Sauce,0.0852340,27.5880358,0.0000000,27.6682561
Departamento San Luis del Palmar,Bella Vista,0.0732541,12.2583070,0.0000000,12.3272521
Departamento San Luis del Palmar,Beron de Astrada,0.0732541,10.6852450,0.0131334,10.7673235
Departamento San Luis del Palmar,Capital,0.0732541,2.8496164,0.0000000,2.9185615
Departamento San Luis del Palmar,Concepcion,0.0732541,11.3824358,0.0736135,11.5249944
Departamento San Luis del Palmar,Curuzu Cuatia,0.0732541,11.3824358,0.0736135,11.5249944
Departamento San Luis del Palmar,Empedrado,0.0732541,5.8703974,0.0000000,5.9393424
Departamento San Luis del Palmar,Esquina,0.0732541,28.8274679,0.0656217,28.9620347
Departamento San Luis del Palmar,General Alvear,0.0732541,36.0132340,0.0000000,36.0821791
Departamento San Luis del Palmar,Departamento General Paz,0.0732541,8.5713399,0.0401319,8.6804169
Departamento San Luis del Palmar,Goya,0.0732541,18.6476158,0.0000000,18.7165609
Departamento San Luis del Palmar,Itati,0.0732541,4.4542660,0.0332713,4.5564824
Departamento San Luis del Palmar,Ituzaingo,0.0732541,17.2635179,0.0000000,17.3324629
Departamento San Luis del Palmar,Lavalle,0.0732541,16.6120761,0.0862448,16.7672659
Departamento San Luis del Palmar,Mburucuya,0.0732541,7.1862346,0.0404930,7.2956727
Departamento San Luis del Palmar,Mercedes,0.0732541,20.4074611,0.0000000,20.4764062
Departamento San Luis del Palmar,Monte Caseros,0.0732541,31.9530909,0.0000000,32.0220359
Departamento San Luis del Palmar,Departamento Paso de los Libres,0.0732541,32.4373928,0.0000000,32.5063379
Departamento San Luis del Palmar,Departamento Saladas,0.0732541,32.4373928,0.0000000,32.5063379
Departamento San Luis del Palmar,San Cosme,0.0732541,1.7172624,0.0802203,1.8664277
Departamento San Luis del Palmar,Departamento San Luis del Palmar,0.0732541,0.0000000,0.0802203,1.8664277
Departamento San Luis del Palmar,San Martin,0.0732541,35.3158121,0.0552303,35.4399875
Departamento San Luis del Palmar,San Miguel,0.0732541,11.3162648,0.0000000,11.3852099
Departamento San Luis del Palmar,San Roque,0.0732541,11.4413271,0.0845838,11.5948560
Departamento San Luis del Palmar,Santo Tome,0.0732541,30.2262941,0.0000000,30.2952392
Departamento San Luis del Palmar,Sauce,0.0732541,26.2474639,0.0000000,26.3164090
San Martin,Bella Vista,0.0586822,26.2008514,0.0000000,26.2560818
San Martin,Beron de Astrada,0.0586822,27.6891251,0.0131334,27.7574888
San Martin,Capital,0.0586822,34.6298889,0.0000000,34.6851192
San Martin,Concepcion,0.0586822,34.4477004,0.0736135,34.5765443
San Martin,Curuzu Cuatia,0.0586822,34.4477004,0.0736135,34.5765443
San Martin,Empedrado,0.0586822,29.6974381,0.0000000,29.7526685
San Martin,Esquina,0.0586822,28.7159687,0.0656217,28.8368207
San Martin,General Alvear,0.0586822,1.4292637,0.0000000,1.4844940
San Martin,Departamento General Paz,0.0586822,28.9932761,0.0401319,29.0886383
San Martin,Goya,0.0586822,27.9616300,0.0000000,28.0168604
San Martin,Itati,0.0586822,33.5342594,0.0332713,33.6227610
San Martin,Ituzaingo,0.0586822,19.8399734,0.0000000,19.8952037
San Martin,Lavalle,0.0586822,25.9260902,0.0862448,26.0675654
San Martin,Mburucuya,0.0586822,31.4525822,0.0404930,31.5483056
San Martin,Mercedes,0.0586822,15.2954826,0.0000000,15.3507130
San Martin,Monte Caseros,0.0586822,14.9270753,0.0000000,14.9823057
San Martin,Departamento Paso de los Libres,0.0586822,6.4769232,0.0000000,6.5321536
San Martin,Departamento Saladas,0.0586822,6.4769232,0.0000000,6.5321536
San Martin,San Cosme,0.0586822,35.0799847,0.0802203,35.2154353
San Martin,Departamento San Luis del Palmar,0.0586822,35.3158121,0.0689451,35.4399875
San Martin,San Martin,0.0586822,0.0000000,0.0689451,35.4399875
San Martin,San Miguel,0.0586822,29.0941535,0.0000000,29.1493838
San Martin,San Roque,0.0586822,23.8744850,0.0845838,24.0142991
San Martin,Santo Tome,0.0586822,8.2410981,0.0000000,8.2963285
San Martin,Sauce,0.0586822,23.0763876,0.0000000,23.1316180
San Miguel,Bella Vista,0.0000000,14.2144037,0.0000000,14.2144037
San Miguel,Beron de Astrada,0.0000000,5.5730631,0.0131334,5.5861964
San Miguel,Capital,0.0000000,13.5702414,0.0000000,13.5702414
San Miguel,Concepcion,0.0000000,7.1504424,0.0736135,7.2240559
San Miguel,Curuzu Cuatia,0.0000000,7.1504424,0.0736135,7.2240559
San Miguel,Empedrado,0.0000000,13.2040317,0.0000000,13.2040317
San Miguel,Esquina,0.0000000,30.7835646,0.0656217,30.8491863
San Miguel,General Alvear,0.0000000,29.0941605,0.0000000,29.0941605
San Miguel,Departamento General Paz,0.0000000,2.9729831,0.0401319,3.0131150
San Miguel,Goya,0.0000000,20.6037125,0.0000000,20.6037125
San Miguel,Itati,0.0000000,12.9953203,0.0332713,13.0285917
San Miguel,Ituzaingo,0.0000000,9.5604242,0.0000000,9.5604242
San Miguel,Lavalle,0.0000000,18.5681727,0.0862448,18.6544175
San Miguel,Mburucuya,0.0000000,7.6232287,0.0404930,7.6637217
San Miguel,Mercedes,0.0000000,22.3635578,0.0000000,22.3635578
San Miguel,Monte Caseros,0.0000000,33.9091875,0.0000000,33.9091875
San Miguel,Departamento Paso de los Libres,0.0000000,34.3934895,0.0000000,34.3934895
San Miguel,Departamento Saladas,0.0000000,34.3934895,0.0000000,34.3934895
San Miguel,San Cosme,0.0000000,12.6568367,0.0802203,12.7370570
San Miguel,Departamento San Luis del Palmar,0.0000000,11.3162648,0.0689451,11.3852099
San Miguel,San Martin,0.0000000,29.0941535,0.0552303,29.1493838
San Miguel,San Miguel,0.0000000,0.0000000,0.0552303,29.1493838
San Miguel,San Roque,0.0000000,13.3974238,0.0845838,13.4820076
San Miguel,Santo Tome,0.0000000,22.5232005,0.0000000,22.5232005
San Miguel,Sauce,0.0000000,28.2035606,0.0000000,28.2035606
San Roque,Bella Vista,0.0898703,3.3084024,0.0000000,3.3929862
San Roque,Beron de Astrada,0.0898703,16.4955891,0.0131334,16.5933062
San Roque,Capital,0.0898703,10.7554039,0.0000000,10.8399877
San Roque,Concepcion,0.0898703,10.5732155,0.0736135,10.7314128
San Roque,Curuzu Cuatia,0.0898703,10.5732155,0.0736135,10.7314128
San Roque,Empedrado,0.0898703,5.8229532,0.0000000,5.9075369
San Roque,Esquina,0.0898703,17.3861408,0.0656217,17.5363463
San Roque,General Alvear,0.0898703,24.5719069,0.0000000,24.6564907
San Roque,Departamento General Paz,0.0898703,13.8955091,0.0401319,14.0202248
San Roque,Goya,0.0898703,9.2152225,0.0000000,9.2998063
San Roque,Itati,0.0898703,15.5189026,0.0332713,15.6367577
San Roque,Ituzaingo,0.0898703,22.6027219,0.0000000,22.6873056
San Roque,Lavalle,0.0898703,7.1796828,0.0862448,7.3505113
San Roque,Mburucuya,0.0898703,7.5780972,0.0404930,7.7031740
San Roque,Mercedes,0.0898703,8.9661340,0.0000000,9.0507178
San Roque,Monte Caseros,0.0898703,20.5117637,0.0000000,20.5963475
San Roque,Departamento Paso de los Libres,0.0898703,20.9960657,0.0000000,21.0806495
San Roque,Departamento Saladas,0.0898703,20.9960657,0.0000000,21.0806495
San Roque,San Cosme,0.0898703,12.7818990,0.0802203,12.9467031
San Roque,Departamento San Luis del Palmar,0.0898703,11.4413271,0.0689451,11.5948560
San Roque,San Martin,0.0898703,23.8744850,0.0552303,24.0142991
San Roque,San Miguel,0.0898703,13.3974238,0.0000000,13.4820076
San Roque,San Roque,0.0898703,0.0000000,0.0000000,13.4820076
San Roque,Santo Tome,0.0898703,30.1252532,0.0000000,30.2098370
San Roque,Sauce,0.0898703,14.8061368,0.0000000,14.8907206
Santo Tome,Bella Vista,0.0000000,32.4516196,0.0000000,32.4516196
Santo Tome,Beron de Astrada,0.0000000,21.1181721,0.0131334,21.1313055
Santo Tome,Capital,0.0000000,32.3051052,0.0000000,32.3051052
Santo Tome,Concepcion,0.0000000,29.3185167,0.0736135,29.3921302
Santo Tome,Curuzu Cuatia,0.0000000,29.3185167,0.0736135,29.3921302
Santo Tome,Empedrado,0.0000000,34.6037677,0.0000000,34.6037677
Santo Tome,Esquina,0.0000000,36.7388176,0.0656217,36.8044393
Santo Tome,General Alvear,0.0000000,7.0559325,0.0000000,7.0559325
Santo Tome,Departamento General Paz,0.0000000,22.4223231,0.0401319,22.4624550
Santo Tome,Goya,0.0000000,34.2123982,0.0000000,34.2123982
Santo Tome,Itati,0.0000000,26.9633064,0.0332713,26.9965777
Santo Tome,Ituzaingo,0.0000000,13.2690204,0.0000000,13.2690204
Santo Tome,Lavalle,0.0000000,32.1768585,0.0862448,32.2631033
Santo Tome,Mburucuya,0.0000000,28.7397350,0.0404930,28.7802280
Santo Tome,Mercedes,0.0000000,21.5462509,0.0000000,21.5462509
Santo Tome,Monte Caseros,0.0000000,22.9499243,0.0000000,22.9499243
Santo Tome,Departamento Paso de los Libres,0.0000000,14.4997722,0.0000000,14.4997722
Santo Tome,Departamento Saladas,0.0000000,14.4997722,0.0000000,14.4997722
Santo Tome,San Cosme,0.0000000,28.5090317,0.0802203,28.5892520
Santo Tome,Departamento San Luis del Palmar,0.0000000,30.2262941,0.0689451,30.2952392
Santo Tome,San Martin,0.0000000,8.2410981,0.0552303,8.2963285
Santo Tome,San Miguel,0.0000000,22.5232005,0.0000000,22.5232005
Santo Tome,San Roque,0.0000000,30.1252532,0.0845838,30.2098370
Santo Tome,Santo Tome,0.0000000,0.0000000,0.0845838,30.2098370
Santo Tome,Sauce,0.0000000,31.0992366,0.0000000,31.0992366
Sauce,Bella Vista,0.0000000,17.1325032,0.0000000,17.1325032
Sauce,Beron de Astrada,0.0000000,31.3017259,0.0131334,31.3148593
Sauce,Capital,0.0000000,25.5615407,0.0000000,25.5615407
Sauce,Concepcion,0.0000000,25.3793523,0.0736135,25.4529658
Sauce,Curuzu Cuatia,0.0000000,25.3793523,0.0736135,25.4529658
Sauce,Empedrado,0.0000000,20.6290900,0.0000000,20.6290900
Sauce,Esquina,0.0000000,12.6514759,0.0656217,12.7170977
Sauce,General Alvear,0.0000000,24.2874021,0.0000000,24.2874021
Sauce,Departamento General Paz,0.0000000,28.7016459,0.0401319,28.7417778
Sauce,Goya,0.0000000,18.8932819,0.0000000,18.8932819
Sauce,Itati,0.0000000,30.3250394,0.0332713,30.3583107
Sauce,Ituzaingo,0.0000000,35.5282239,0.0000000,35.5282239
Sauce,Lavalle,0.0000000,16.8577421,0.0862448,16.9439869
Sauce,Mburucuya,0.0000000,22.3842340,0.0404930,22.4247271
Sauce,Mercedes,0.0000000,12.9581915,0.0000000,12.9581915
Sauce,Monte Caseros,0.0000000,13.9718677,0.0000000,13.9718677
Sauce,Departamento Paso de los Libres,0.0000000,16.8591786,0.0000000,16.8591786
Sauce,Departamento Saladas,0.0000000,16.8591786,0.0000000,16.8591786
Sauce,San Cosme,0.0000000,27.5880358,0.0802203,27.6682561
Sauce,Departamento San Luis del Palmar,0.0000000,26.2474639,0.0689451,26.3164090
Sauce,San Martin,0.0000000,23.0763876,0.0552303,23.1316180
Sauce,San Miguel,0.0000000,28.2035606,0.0000000,28.2035606
Sauce,San Roque,0.0000000,14.8061368,0.0845838,14.8907206
Sauce,Santo Tome,0.0000000,31.0992366,0.0000000,31.0992366
Sauce,Sauce,0.0000000,0.0000000,0.0000000,31.0992366
